nama,umur,nilai,nilai_total
Budi,23,80,88.0
Siska,21,90,99.00000000000001
Andi,25,75,82.5
Dewi,22,88,96.80000000000001
